{
	"ambientocclusion": false,
	"textures": {
		"1": "block/piston_arm_bottom",
		"2": "block/piston_arm_top",
		"3": "block/piston_side",
		"5": "block/piston_arm_0",
		"particle": "block/piston_arm_bottom"
	},
	"elements": [
		{
			"from": [0, 0, 0],
			"to": [16, 16, 4],
			"faces": {
				"north": {"uv": [0, 0, 16, 16], "texture": "#2", "cullface": "north"},
				"east": {"uv": [0, 0, 16, 4], "rotation": 90, "texture": "#3", "cullface": "east"},
				"south": {"uv": [0, 0, 16, 16], "texture": "#1"},
				"west": {"uv": [0, 0, 16, 4], "rotation": 270, "texture": "#3", "cullface": "west"},
				"up": {"uv": [0, 0, 16, 4], "texture": "#3", "cullface": "up"},
				"down": {"uv": [0, 0, 16, 4], "rotation": 180, "texture": "#3", "cullface": "down"}
			}
		},
		{
			"from": [6, 6, 4],
			"to": [10, 10, 16],
			"faces": {
				"east": {"uv": [0, 0, 4, 12], "rotation": 90, "texture": "#5"},
				"south": {"uv": [0, 0, 4, 4], "texture": "#5", "cullface": "south"},
				"west": {"uv": [0, 0, 4, 12], "rotation": 270, "texture": "#5"},
				"up": {"uv": [0, 0, 4, 12], "texture": "#5"},
				"down": {"uv": [0, 0, 4, 12], "rotation": 180, "texture": "#5"}
			}
		}
	]
}