{
	"ambientocclusion": false,
	"textures": {
		"1": "block/piston_arm_bottom",
		"2": "block/stk_piston_arm",
		"3": "block/sticky_piston_side",
		"4": "block/piston_arm",
		"particle": "block/piston_arm_bottom"
	},
	"elements": [
		{
			"from": [0, 0, 0],
			"to": [16, 16, 4],
			"faces": {
				"north": {"uv": [0, 0, 16, 16], "texture": "#2", "cullface": "north"},
				"east": {"uv": [0, 0, 16, 4], "rotation": 90, "texture": "#3", "cullface": "east"},
				"south": {"uv": [0, 0, 16, 16], "texture": "#1"},
				"west": {"uv": [0, 0, 16, 4], "rotation": 270, "texture": "#3", "cullface": "west"},
				"up": {"uv": [0, 0, 16, 4], "texture": "#3", "cullface": "up"},
				"down": {"uv": [0, 0, 16, 4], "rotation": 180, "texture": "#3", "cullface": "down"}
			}
		},
		{
			"from": [6, 6, 4],
			"to": [10, 10, 12],
			"faces": {
				"east": {"uv": [0, 7, 4, 15], "rotation": 90, "texture": "#4"},
				"west": {"uv": [0, 7, 4, 15], "rotation": 270, "texture": "#4"},
				"up": {"uv": [0, 7, 4, 15], "texture": "#4"},
				"down": {"uv": [0, 8, 4, 16], "rotation": 180, "texture": "#4"}
			}
		},
		{
			"from": [5, 5, 12],
			"to": [11, 11, 20],
			"faces": {
				"north": {"uv": [0, 0, 6, 6], "rotation": 180, "texture": "#4"},
				"east": {"uv": [4, 8, 10, 16], "rotation": 90, "texture": "#4"},
				"south": {"uv": [0, 0, 6, 6], "texture": "#4", "cullface": "south"},
				"west": {"uv": [4, 8, 10, 16], "rotation": 270, "texture": "#4"},
				"up": {"uv": [4, 8, 10, 16], "texture": "#4"},
				"down": {"uv": [4, 8, 10, 16], "rotation": 180, "texture": "#4"}
			}
		}
	]
}